INSERT INTO [dbo].[AspNetUsers] ([Id], [UserName], [NormalizedUserName], [Email], [NormalizedEmail], [EmailConfirmed], [PasswordHash], [SecurityStamp], [ConcurrencyStamp], [PhoneNumber], [PhoneNumberConfirmed], [TwoFactorEnabled], [LockoutEnd], [LockoutEnabled], [AccessFailedCount], [DeliveryCity], [DeliveryStreetAddress], [DeliveryZipcode], [Discriminator], [Firstname], [InvoiceCity], [InvoiceStreetAddress], [InvoiceZipcode], [Lastname], [DeliveryName], [InvoiceName], [PreventAccess]) VALUES (N'1737a80d-b907-44eb-a701-ab2d1b5ef0de', N'goran.rosenberg@tomelilla.nu', N'GORAN.ROSENBERG@TOMELILLA.NU', N'goran.rosenberg@tomelilla.nu', N'GORAN.ROSENBERG@TOMELILLA.NU', 1, N'AQAAAAIAAYagAAAAEHaqSuAYSbBHTKTyerZI2JJXcPJl/MzK+zv5oJyAArZVbBdqjObtwBMFelDDmmbmzw==', N'5W6W4MC6B3RMFDG5COFUWN3VFCAPTVX3', N'a5ea9fe2-136d-4e88-9499-c2be7680c4eb', N'0732198068', 0, 0, NULL, 1, 0, N'Tomelilla', N'Västergatan 44A lgh 1001', N'273 34', N'ApplicationUser', N'Göran', N'Tomelilla', N'Västergatan 44A lgh 1001', N'273 34', N'Rosenberg', N'Göran Rosenberg', N'Göran Rosenberg', 0)
INSERT INTO [dbo].[AspNetUsers] ([Id], [UserName], [NormalizedUserName], [Email], [NormalizedEmail], [EmailConfirmed], [PasswordHash], [SecurityStamp], [ConcurrencyStamp], [PhoneNumber], [PhoneNumberConfirmed], [TwoFactorEnabled], [LockoutEnd], [LockoutEnabled], [AccessFailedCount], [DeliveryCity], [DeliveryStreetAddress], [DeliveryZipcode], [Discriminator], [Firstname], [InvoiceCity], [InvoiceStreetAddress], [InvoiceZipcode], [Lastname], [DeliveryName], [InvoiceName], [PreventAccess]) VALUES (N'487ba304-5c69-466d-bb1f-017c99d5d95c', N'goran.rosenberg2@tomelilla.nu', N'GORAN.ROSENBERG2@TOMELILLA.NU', N'goran.rosenberg2@tomelilla.nu', N'GORAN.ROSENBERG2@TOMELILLA.NU', 1, N'AQAAAAIAAYagAAAAEE1opuzollwvk6WZbcdTcD4oizOSpzRE8jpDA8hIih+VFNrMJlxDfPsnVEy193cOVg==', N'UUV22XIIZXTVQOVF5D4VCKAKZ4QNBRI5', N'812524cc-0891-4d82-b6eb-adae8d418907', N'0732198068', 0, 0, NULL, 1, 0, NULL, N'Västergatan 44A, 1001', NULL, N'ApplicationUser', N'Göran', N'Tomelilla', N'Västergatan 44A lgh 1001', N'273 34', N'Rosenberg', N'Göran Rosenberg', N'Göran Rosenberg', 0)
INSERT INTO [dbo].[AspNetUsers] ([Id], [UserName], [NormalizedUserName], [Email], [NormalizedEmail], [EmailConfirmed], [PasswordHash], [SecurityStamp], [ConcurrencyStamp], [PhoneNumber], [PhoneNumberConfirmed], [TwoFactorEnabled], [LockoutEnd], [LockoutEnabled], [AccessFailedCount], [DeliveryCity], [DeliveryStreetAddress], [DeliveryZipcode], [Discriminator], [Firstname], [InvoiceCity], [InvoiceStreetAddress], [InvoiceZipcode], [Lastname], [DeliveryName], [InvoiceName], [PreventAccess]) VALUES (N'50d4d3a3-eac5-4cb3-8289-b4cec772927e', N'goran.ros@gmail.com', N'GORAN.ROS@GMAIL.COM', N'goran.ros@gmail.com', N'GORAN.ROS@GMAIL.COM', 1, N'AQAAAAIAAYagAAAAELBSw1854cAsBZvW9kmiJajYNK9UfoobyP2KEbLCboryFpTsp2mQtMRNFXzb0lodyg==', N'LUSZTETYT63Q4DPCVMUSX33CEA5LJGUE', N'2daacc57-72ad-4b42-96d5-95c75c349202', N'0417-14766', 0, 0, NULL, 1, 0, N'Tomelilla', N'Ängsgatan 12', N'27330', N'ApplicationUser', N'Göran', N'Tomelilla', N'Box 53', N'273 30', N'Nilsson', N'Göran Nilsson', N'Göran Nilsson', 0)
INSERT INTO [dbo].[AspNetUsers] ([Id], [UserName], [NormalizedUserName], [Email], [NormalizedEmail], [EmailConfirmed], [PasswordHash], [SecurityStamp], [ConcurrencyStamp], [PhoneNumber], [PhoneNumberConfirmed], [TwoFactorEnabled], [LockoutEnd], [LockoutEnabled], [AccessFailedCount], [DeliveryCity], [DeliveryStreetAddress], [DeliveryZipcode], [Discriminator], [Firstname], [InvoiceCity], [InvoiceStreetAddress], [InvoiceZipcode], [Lastname], [DeliveryName], [InvoiceName], [PreventAccess]) VALUES (N'aff1fb1d-34ee-4156-abf7-2d070d356e6f', N'goran.ros3@gmail.com', N'GORAN.ROS3@GMAIL.COM', N'goran.ros3@gmail.com', N'GORAN.ROS3@GMAIL.COM', 1, N'AQAAAAIAAYagAAAAECuu0w50zbMBXOXYKCUDcz5jOhgblXCqsdE9RGJRT2fNRGSi5F4Pg+J+ly/s763NsQ==', N'ICJ4BLRFQZVDBZ7V76AJ3VBSAKN6XCIP', N'ccd780ee-fcb2-4d29-8022-591ecb0ab981', NULL, 0, 0, NULL, 1, 0, N'Tomelilla', N'Västergatan 44A lgh 1001', N'27334', N'ApplicationUser', N'Göran', N'Tomelilla', N'Västergatan 44A lgh 1001', N'273 34', N'Ros', N'Göran Ros', N'Göran Ros', 0)
INSERT INTO [dbo].[AspNetUsers] ([Id], [UserName], [NormalizedUserName], [Email], [NormalizedEmail], [EmailConfirmed], [PasswordHash], [SecurityStamp], [ConcurrencyStamp], [PhoneNumber], [PhoneNumberConfirmed], [TwoFactorEnabled], [LockoutEnd], [LockoutEnabled], [AccessFailedCount], [DeliveryCity], [DeliveryStreetAddress], [DeliveryZipcode], [Discriminator], [Firstname], [InvoiceCity], [InvoiceStreetAddress], [InvoiceZipcode], [Lastname], [DeliveryName], [InvoiceName], [PreventAccess]) VALUES (N'b85178b4-9fcd-4c08-bf0d-c4af25e41213', N'billy@gmail.com', N'BILLY@GMAIL.COM', N'billy@gmail.com', N'BILLY@GMAIL.COM', 1, N'AQAAAAIAAYagAAAAECYITbZ8Mg6k24MexzWWbuIR0k8ZWG/Nad6wktJL+g2XWpoX+F1H77faxxAWMNMFcA==', N'6Q2E6IREVASEJ2M5MRRU65VE4ZRJSKPB', N'f63c77f5-6423-406f-aee3-dcbff3d5435e', N'073-123456', 0, 0, NULL, 1, 0, NULL, NULL, NULL, N'ApplicationUser', N'Billy', N'Kävlinge', N'Postgatan 3', N'12345', N'Andersson', NULL, N'Billy Andersson', 0)
INSERT INTO [dbo].[AspNetUsers] ([Id], [UserName], [NormalizedUserName], [Email], [NormalizedEmail], [EmailConfirmed], [PasswordHash], [SecurityStamp], [ConcurrencyStamp], [PhoneNumber], [PhoneNumberConfirmed], [TwoFactorEnabled], [LockoutEnd], [LockoutEnabled], [AccessFailedCount], [DeliveryCity], [DeliveryStreetAddress], [DeliveryZipcode], [Discriminator], [Firstname], [InvoiceCity], [InvoiceStreetAddress], [InvoiceZipcode], [Lastname], [DeliveryName], [InvoiceName], [PreventAccess]) VALUES (N'f29eec48-25a3-47b0-a6cc-2771861d6b82', N'per@gmail.com', N'PER@GMAIL.COM', N'per@gmail.com', N'PER@GMAIL.COM', 1, N'AQAAAAIAAYagAAAAEJygXkaje0Svmxzr0uUYsYaL5g9hlAclBF3GuGHVcScAu/ICEu9S8SakQ5Iug4oXWA==', N'WP6QHHF2O2N2AYU3XGFDLBK4LVOYBAY6', N'2a7c77f1-84a4-4760-81e5-8561c79cdcde', N'073-133456', 0, 0, NULL, 1, 0, NULL, NULL, NULL, N'ApplicationUser', N'Per-Erik ', N'Hässleholm', N'Hökgatan', N'12345', N'Andersson', NULL, N'Per-Erik Andersson', 0)
INSERT INTO [dbo].[AspNetUsers] ([Id], [UserName], [NormalizedUserName], [Email], [NormalizedEmail], [EmailConfirmed], [PasswordHash], [SecurityStamp], [ConcurrencyStamp], [PhoneNumber], [PhoneNumberConfirmed], [TwoFactorEnabled], [LockoutEnd], [LockoutEnabled], [AccessFailedCount], [DeliveryCity], [DeliveryStreetAddress], [DeliveryZipcode], [Discriminator], [Firstname], [InvoiceCity], [InvoiceStreetAddress], [InvoiceZipcode], [Lastname], [DeliveryName], [InvoiceName], [PreventAccess]) VALUES (N'fc8a7473-87ee-440b-9a09-5958d30c0a94', N'maria@overling.se', N'MARIA@OVERLING.SE', N'maria@overling.se', N'MARIA@OVERLING.SE', 1, N'AQAAAAIAAYagAAAAELBSw1854cAsBZvW9kmiJajYNK9UfoobyP2KEbLCboryFpTsp2mQtMRNFXzb0lodyg==', N'LUSZTETYT63Q4DPCVMUSX33CEA5LJGUE', N'2b1354de-7d28-4682-b52b-4e7dede75dac', N'073-2198068', 1, 0, NULL, 1, 0, N'Tomelilla', N'Hökaregatan 9', N'27334', N'ApplicationUser', N'Maria', N'Tomelilla', N'Hökaregatan 9', N'27334', N'Överling', N'Maria Överling', N'Maria Överling', 0)

INSERT INTO [dbo].[AspNetRoles] ([Id], [Name], [NormalizedName], [ConcurrencyStamp]) VALUES (N'1', N'AdminManager', N'ADMINMANAGER', N'deead595-0225-4c81-8332-6df2137b72e8')
INSERT INTO [dbo].[AspNetRoles] ([Id], [Name], [NormalizedName], [ConcurrencyStamp]) VALUES (N'2', N'ShopManager', N'SHOPMANAGER', N'a5f0aa78-6a27-4bc0-9edf-86779728f156')
INSERT INTO [dbo].[AspNetRoles] ([Id], [Name], [NormalizedName], [ConcurrencyStamp]) VALUES (N'3', N'Customer', N'CUSTOMER', N'94f3c17a-b930-443f-9afb-78fa678de893')

INSERT INTO [dbo].[AspNetUserRoles] ([UserId], [RoleId]) VALUES (N'1737a80d-b907-44eb-a701-ab2d1b5ef0de', N'1')
INSERT INTO [dbo].[AspNetUserRoles] ([UserId], [RoleId]) VALUES (N'487ba304-5c69-466d-bb1f-017c99d5d95c', N'2')
INSERT INTO [dbo].[AspNetUserRoles] ([UserId], [RoleId]) VALUES (N'50d4d3a3-eac5-4cb3-8289-b4cec772927e', N'2')
INSERT INTO [dbo].[AspNetUserRoles] ([UserId], [RoleId]) VALUES (N'aff1fb1d-34ee-4156-abf7-2d070d356e6f', N'3')
INSERT INTO [dbo].[AspNetUserRoles] ([UserId], [RoleId]) VALUES (N'b85178b4-9fcd-4c08-bf0d-c4af25e41213', N'3')
INSERT INTO [dbo].[AspNetUserRoles] ([UserId], [RoleId]) VALUES (N'f29eec48-25a3-47b0-a6cc-2771861d6b82', N'3')
INSERT INTO [dbo].[AspNetUserRoles] ([UserId], [RoleId]) VALUES (N'fc8a7473-87ee-440b-9a09-5958d30c0a94', N'3')

SET IDENTITY_INSERT [dbo].[Manufacturers] ON
INSERT INTO [dbo].[Manufacturers] ([Id], [BrandName], [CompanyName]) VALUES (1, N'Apple', N'Apple Inc')
INSERT INTO [dbo].[Manufacturers] ([Id], [BrandName], [CompanyName]) VALUES (2, N'Hp', N'HP Inc')
INSERT INTO [dbo].[Manufacturers] ([Id], [BrandName], [CompanyName]) VALUES (3, N'Dell', N'Dell Technologies Inc')
INSERT INTO [dbo].[Manufacturers] ([Id], [BrandName], [CompanyName]) VALUES (4, N'Canon', N'Canon Inc')
INSERT INTO [dbo].[Manufacturers] ([Id], [BrandName], [CompanyName]) VALUES (6, N'Compac', N'Compac Inc')
SET IDENTITY_INSERT [dbo].[Manufacturers] OFF

SET IDENTITY_INSERT [dbo].[OrderItems] ON
INSERT INTO [dbo].[OrderItems] ([Id], [OrderId], [ProductId], [Quantity], [Price]) VALUES (611, 1311, 19, 1, 6995)
INSERT INTO [dbo].[OrderItems] ([Id], [OrderId], [ProductId], [Quantity], [Price]) VALUES (612, 1311, 24, 1, 21594)
INSERT INTO [dbo].[OrderItems] ([Id], [OrderId], [ProductId], [Quantity], [Price]) VALUES (613, 1312, 11, 1, 12995)
INSERT INTO [dbo].[OrderItems] ([Id], [OrderId], [ProductId], [Quantity], [Price]) VALUES (614, 1313, 30, 1, 4799)
INSERT INTO [dbo].[OrderItems] ([Id], [OrderId], [ProductId], [Quantity], [Price]) VALUES (615, 1314, 11, 2, 12995)
INSERT INTO [dbo].[OrderItems] ([Id], [OrderId], [ProductId], [Quantity], [Price]) VALUES (616, 1314, 29, 1, 12649)
INSERT INTO [dbo].[OrderItems] ([Id], [OrderId], [ProductId], [Quantity], [Price]) VALUES (617, 1315, 33, 1, 2590)
INSERT INTO [dbo].[OrderItems] ([Id], [OrderId], [ProductId], [Quantity], [Price]) VALUES (618, 1315, 30, 1, 4799)
INSERT INTO [dbo].[OrderItems] ([Id], [OrderId], [ProductId], [Quantity], [Price]) VALUES (619, 1316, 19, 1, 6995)
INSERT INTO [dbo].[OrderItems] ([Id], [OrderId], [ProductId], [Quantity], [Price]) VALUES (620, 1316, 8, 1, 5995)
INSERT INTO [dbo].[OrderItems] ([Id], [OrderId], [ProductId], [Quantity], [Price]) VALUES (621, 1317, 20, 1, 11799)
INSERT INTO [dbo].[OrderItems] ([Id], [OrderId], [ProductId], [Quantity], [Price]) VALUES (622, 1317, 30, 1, 4799)
INSERT INTO [dbo].[OrderItems] ([Id], [OrderId], [ProductId], [Quantity], [Price]) VALUES (623, 1318, 11, 1, 12995)
INSERT INTO [dbo].[OrderItems] ([Id], [OrderId], [ProductId], [Quantity], [Price]) VALUES (624, 1318, 27, 1, 8811)
INSERT INTO [dbo].[OrderItems] ([Id], [OrderId], [ProductId], [Quantity], [Price]) VALUES (625, 1319, 29, 1, 12649)
INSERT INTO [dbo].[OrderItems] ([Id], [OrderId], [ProductId], [Quantity], [Price]) VALUES (626, 1319, 33, 1, 2590)
INSERT INTO [dbo].[OrderItems] ([Id], [OrderId], [ProductId], [Quantity], [Price]) VALUES (628, 1321, 34, 3, 679)
INSERT INTO [dbo].[OrderItems] ([Id], [OrderId], [ProductId], [Quantity], [Price]) VALUES (629, 1321, 33, 1, 2590)
INSERT INTO [dbo].[OrderItems] ([Id], [OrderId], [ProductId], [Quantity], [Price]) VALUES (630, 1322, 35, 1, 410)
INSERT INTO [dbo].[OrderItems] ([Id], [OrderId], [ProductId], [Quantity], [Price]) VALUES (631, 1323, 11, 1, 12995)
INSERT INTO [dbo].[OrderItems] ([Id], [OrderId], [ProductId], [Quantity], [Price]) VALUES (632, 1323, 13, 1, 8995)
SET IDENTITY_INSERT [dbo].[OrderItems] OFF

SET IDENTITY_INSERT [dbo].[Orders] ON
INSERT INTO [dbo].[Orders] ([Id], [UserIdStr], [OrderDate], [TotalSum], [Status], [FreightSum]) VALUES (1311, N'aff1fb1d-34ee-4156-abf7-2d070d356e6f', N'2026-06-24 13:17:33', 28589, N'Mottagen', 0)
INSERT INTO [dbo].[Orders] ([Id], [UserIdStr], [OrderDate], [TotalSum], [Status], [FreightSum]) VALUES (1312, N'aff1fb1d-34ee-4156-abf7-2d070d356e6f', N'2026-06-24 13:17:53', 12995, N'Pågående', 0)
INSERT INTO [dbo].[Orders] ([Id], [UserIdStr], [OrderDate], [TotalSum], [Status], [FreightSum]) VALUES (1313, N'fc8a7473-87ee-440b-9a09-5958d30c0a94', N'2026-06-24 13:18:27', 4799, N'Skickad', 0)
INSERT INTO [dbo].[Orders] ([Id], [UserIdStr], [OrderDate], [TotalSum], [Status], [FreightSum]) VALUES (1314, N'1737a80d-b907-44eb-a701-ab2d1b5ef0de', N'2026-06-24 21:17:04', 38639, N'Mottagen', 0)
INSERT INTO [dbo].[Orders] ([Id], [UserIdStr], [OrderDate], [TotalSum], [Status], [FreightSum]) VALUES (1315, N'50d4d3a3-eac5-4cb3-8289-b4cec772927e', N'2026-06-24 22:02:02', 7389, N'Mottagen', 0)
INSERT INTO [dbo].[Orders] ([Id], [UserIdStr], [OrderDate], [TotalSum], [Status], [FreightSum]) VALUES (1316, N'487ba304-5c69-466d-bb1f-017c99d5d95c', N'2026-06-24 22:03:08', 12990, N'Mottagen', 0)
INSERT INTO [dbo].[Orders] ([Id], [UserIdStr], [OrderDate], [TotalSum], [Status], [FreightSum]) VALUES (1317, N'487ba304-5c69-466d-bb1f-017c99d5d95c', N'2026-06-24 22:03:42', 16598, N'Mottagen', 0)
INSERT INTO [dbo].[Orders] ([Id], [UserIdStr], [OrderDate], [TotalSum], [Status], [FreightSum]) VALUES (1318, N'f29eec48-25a3-47b0-a6cc-2771861d6b82', N'2026-06-24 22:19:26', 21806, N'Mottagen', 0)
INSERT INTO [dbo].[Orders] ([Id], [UserIdStr], [OrderDate], [TotalSum], [Status], [FreightSum]) VALUES (1319, N'f29eec48-25a3-47b0-a6cc-2771861d6b82', N'2026-06-24 22:20:39', 15239, N'Mottagen', 0)
INSERT INTO [dbo].[Orders] ([Id], [UserIdStr], [OrderDate], [TotalSum], [Status], [FreightSum]) VALUES (1321, N'1737a80d-b907-44eb-a701-ab2d1b5ef0de', N'2026-06-24 22:56:31', 4627, N'Mottagen', 0)
INSERT INTO [dbo].[Orders] ([Id], [UserIdStr], [OrderDate], [TotalSum], [Status], [FreightSum]) VALUES (1322, N'1737a80d-b907-44eb-a701-ab2d1b5ef0de', N'2026-06-25 08:47:04', 410, N'Skickad', 59)
INSERT INTO [dbo].[Orders] ([Id], [UserIdStr], [OrderDate], [TotalSum], [Status], [FreightSum]) VALUES (1323, N'fc8a7473-87ee-440b-9a09-5958d30c0a94', N'2026-06-26 09:26:58', 21990, N'Skickad', 0)
SET IDENTITY_INSERT [dbo].[Orders] OFF

SET IDENTITY_INSERT [dbo].[ProductCategories] ON
INSERT INTO [dbo].[ProductCategories] ([Id], [Name], [Description]) VALUES (1, N'Mobiltelefoner', N'Bärbara telefoner ')
INSERT INTO [dbo].[ProductCategories] ([Id], [Name], [Description]) VALUES (2, N'Laptop', N'Bärbara datorer')
INSERT INTO [dbo].[ProductCategories] ([Id], [Name], [Description]) VALUES (3, N'Desktop', N'Stationära datorer.')
INSERT INTO [dbo].[ProductCategories] ([Id], [Name], [Description]) VALUES (5, N'Bläckstråleskrivare', N'Skrivare som använder bläck för utskrift.')
INSERT INTO [dbo].[ProductCategories] ([Id], [Name], [Description]) VALUES (8, N'Laserskrivare', N'Skrivare som använder toner för utskrift.')
INSERT INTO [dbo].[ProductCategories] ([Id], [Name], [Description]) VALUES (9, N'Bildskärmar', N'Bildskärmar för datorer i olika storlekar.')
INSERT INTO [dbo].[ProductCategories] ([Id], [Name], [Description]) VALUES (10, N'Bläckstrålepatroner', N'Bläckstrålepatroner')
SET IDENTITY_INSERT [dbo].[ProductCategories] OFF

SET IDENTITY_INSERT [dbo].[Products] ON
INSERT INTO [dbo].[Products] ([Id], [Name], [LongDescription], [Price], [Stock], [ImageFilename], [ProductCategoryId], [ManufacturerId], [ArticleNo], [VisibleInShop], [ShortDescription]) VALUES (8, N'Iphone SE 3rd gen', N'En enkel och  funktionell mobiltelefon. Den ser ut som en Iphone 7 men har samma processor som Iphone 13.', 5995, 5, N'iphone-se-3gen.webp', 1, 1, N'862326', 0, N'En enkel och  funktionell mobiltelefon. Den ser ut som en Iphone 7 men har samma processor som Iphone 13.')
INSERT INTO [dbo].[Products] ([Id], [Name], [LongDescription], [Price], [Stock], [ImageFilename], [ProductCategoryId], [ManufacturerId], [ArticleNo], [VisibleInShop], [ShortDescription]) VALUES (11, N'Iphone 16', N'En kraftfull mobil med många funktioner.', 12995, 10, N'iphone-16.webp', 1, 1, N'1165699', 1, N'En kraftfull mobil med många funktioner')
INSERT INTO [dbo].[Products] ([Id], [Name], [LongDescription], [Price], [Stock], [ImageFilename], [ProductCategoryId], [ManufacturerId], [ArticleNo], [VisibleInShop], [ShortDescription]) VALUES (13, N'Laptop HP Pavilion Silver', N'En bärbar dator från HP i silver med 16 tums skärm.', 8995, 8, N'hp-pavilion-14-silver.webp', 2, 2, N'1365989', 1, N'En bärbar dator från HP i silver med 16 tums skärm.')
INSERT INTO [dbo].[Products] ([Id], [Name], [LongDescription], [Price], [Stock], [ImageFilename], [ProductCategoryId], [ManufacturerId], [ArticleNo], [VisibleInShop], [ShortDescription]) VALUES (19, N'Laptop HP Pavilion Svart ', N'En bärbar dator från HP i svart med 15 tums skärm.', 6995, 5, N'hp-pavilion-15-svart.webp', 2, 2, N'1926532', 1, N'En bärbar dator från HP i svart med 15 tums skärm.')
INSERT INTO [dbo].[Products] ([Id], [Name], [LongDescription], [Price], [Stock], [ImageFilename], [ProductCategoryId], [ManufacturerId], [ArticleNo], [VisibleInShop], [ShortDescription]) VALUES (20, N'Dell Pro 14 Intel Core', N'DELL Pro 14 är en kompakt företagslaptop som balanserar snabb respons med praktisk hanterbarhet. Den ger dig en Intel Core processor och en 14-tums 16:10 FHD+-skärm för tydligare dokument och videomöten, hårdvarubaserad säkerhet och förberedelser för fjärrhantering som minskar IT-belastningen, samt snabb trådbunden och trådlös anslutning som håller teamen produktiva på resande fot.', 11799, 10, N'dell-pro-14-intel-core.webp', 2, 3, N'5020082706', 1, N'Dell Pro 14 är en kompakt företagslaptop med en 14-tums 16:10 FHD+ skärm och Intel Core processor.')
INSERT INTO [dbo].[Products] ([Id], [Name], [LongDescription], [Price], [Stock], [ImageFilename], [ProductCategoryId], [ManufacturerId], [ArticleNo], [VisibleInShop], [ShortDescription]) VALUES (24, N'Dell Pro Slim Plus - Intel Core Ultra 7265 ', N'Dell Pro Slim Plus - Intel Core Ultra 7265.

Stationär dator med 14-kärnig Intel Core i5 processor upp till 5 GHz ger snabb prestanda för kontorsappar.

1 x 16 GB DDR5 4800 MHz minne gör multitasking smidigt även vid hög belastning.

512 GB SSD startar Windows 11 Pro och lagrar program lokalt.

Inbyggd TPM och Windows 11 Pro hjälper till att skydda företagsdata.

Slank svart chassi sparar skrivbordsutrymme, inkluderar tangentbord och mus.', 21594, 10, N'Dell Pro Slim Plus Intel Core Ultra 7265-01.webp', 3, 3, N'QBS1250', 1, N'Stationär dator med 14-kärnig Intel Core i5 processor upp till 5 GHz. 16 GB DDR5 minne. 512GB SSD disk. Windows 11 pro.')
INSERT INTO [dbo].[Products] ([Id], [Name], [LongDescription], [Price], [Stock], [ImageFilename], [ProductCategoryId], [ManufacturerId], [ArticleNo], [VisibleInShop], [ShortDescription]) VALUES (27, N'Dell Pro Slim Intel Core Ultra 5 16GB 512GB', N'Stationär dator med kompakt, slimmat chassi får enkelt plats bredvid eller under en bildskärm. 
Intel Core Ultra 5, 14 effektiva kärnor och upp till 5 GHz turbofrekvens. 
16 GB DDR5 5600 MHz och 512 GB SSD ger snabb multitasking. 
Inbyggd AI-acceleration upp till 13 TOPS snabbar upp intelligenta appar. 
Windows 11 Pro med TPM och testversion av Microsoft 365 förenklar säker installation.
', 8811, 10, N'dell-pro-slim-intel-core-ultra-5-16gb-512gb.webp', 3, 3, N'5020082706', 1, N'Stationär dator med kompakt, slimmat chassi. Processor, Intel Core Ultra 5. Minne 16 GB DDR5 och 512 GB SSD. Windows 11 Pro')
INSERT INTO [dbo].[Products] ([Id], [Name], [LongDescription], [Price], [Stock], [ImageFilename], [ProductCategoryId], [ManufacturerId], [ArticleNo], [VisibleInShop], [ShortDescription]) VALUES (29, N'Dell Slim ECS1250', N'Intel Core Ultra 5-225 processor (10 kärnor, 20 MB totalt cacheminne, 3,3 GHz)

Operativssystem:
Windows 11 Home

Grafikort:
Intel® UHD Graphics

Minne:
16 GB DDR5, 5 600 MT/s

Hårddisk:
1 TB, PCIe NVMe, SSD

Tangentbord:
Dell Multimediatangentbord – KB216 

Mus:
Dell MS116 – optisk mus – svart
', 12649, 8, N'desktop-ecs1250-slim-tower-black-01.webp', 3, 3, N'5020082812', 1, N'Intel Core Ultra 5-225 processor (10 kärnor, 20 MB cacheminne, 3,3 GHz). Minne 16 GB DDR5 och 1 TB SSD. Windows 11 Home.')
INSERT INTO [dbo].[Products] ([Id], [Name], [LongDescription], [Price], [Stock], [ImageFilename], [ProductCategoryId], [ManufacturerId], [ArticleNo], [VisibleInShop], [ShortDescription]) VALUES (30, N'HP Color Laserjet Pro MFP M177fw', N'Färglaser från HP.', 4799, 5, N'hp-color-laserjet-pro-mfp-m177fw.webp', 8, 2, N'1365990', 1, N'Färglaser från HP.')
INSERT INTO [dbo].[Products] ([Id], [Name], [LongDescription], [Price], [Stock], [ImageFilename], [ProductCategoryId], [ManufacturerId], [ArticleNo], [VisibleInShop], [ShortDescription]) VALUES (32, N'Görans testprodukt', N'Testprodukt', 12000, 5, N'desktop-ecs1250-slim-tower-black-01.webp', 3, 3, N'123456', 0, N'Testprodukt')
INSERT INTO [dbo].[Products] ([Id], [Name], [LongDescription], [Price], [Stock], [ImageFilename], [ProductCategoryId], [ManufacturerId], [ArticleNo], [VisibleInShop], [ShortDescription]) VALUES (33, N'HP Smart Tank Plus 570', N'Den här patronfria skrivaren från HP med automatisk dokumentmatare och fax, levererar kompromisslös kvalitet och upp till 3 års bläck medföljer i förpackningen. Få snabbare anslutningar med dual-band Wi-Fi, och enkel utskrift med HP Smart-appen.', 2590, 10, N'hp-smart-tank-plus-570.webp', 5, 2, N'1365900', 1, N'Patronfri skrivare med automatisk dokumentmatare och fax, levererar kompromisslös kvalitet och upp till 3 års bläck medföljer')
INSERT INTO [dbo].[Products] ([Id], [Name], [LongDescription], [Price], [Stock], [ImageFilename], [ProductCategoryId], [ManufacturerId], [ArticleNo], [VisibleInShop], [ShortDescription]) VALUES (34, N'HP 303XL Bläckpatron Svart', N'Svart bläckpatron för HP:s bläckstråleskrivare. Kapacitet: 600 sidor. Pris per sida: 1,13 kr', 679, 20, N'hp-303xl-bläckpatron svart.webp', 10, 2, N'T6N04AE', 1, N'Svart bläckpatron för HP:s bläckstråleskrivare')
INSERT INTO [dbo].[Products] ([Id], [Name], [LongDescription], [Price], [Stock], [ImageFilename], [ProductCategoryId], [ManufacturerId], [ArticleNo], [VisibleInShop], [ShortDescription]) VALUES (35, N'CANON PG-545 XL Bläckpatron Svart', N'CANON PG-545 XL Bläckpatron svart 
Kapacitet: 400 sidor
Pris per sida: 1,00 kr', 410, 20, N'canon-pg-545xl bläckpatron-svart.webp', 10, 4, N'8286B001', 1, N'CANON PG-545 XL Bläckpatron svart ')
SET IDENTITY_INSERT [dbo].[Products] OFF

